Workbook

Sheet Erklärung

Sheet Rohdaten
A1: ID | B1: Name | C1: Kategorie | D1: Energie, Kilojoule (kJ) | E1: Fett, total (g) | F1: Fettsäuren, gesättigt (g) | G1: Fettsäuren, einfach ungesättigt (g) | H1: Fettsäuren, mehrfach ungesättigt (g) | I1: Kohlenhydrate, verfügbar (g) | J1: Zucker (g) | K1: Stärke (g) | L1: Ballaststoffe (g) | M1: Protein (g) | N1: Vitamin A-Aktivität, RE (µg-RE) | O1: Vitamin A-Aktivität, RAE (µg-RE) | P1: Betacarotin-Aktivität (µg-BCE) | Q1: Betacarotin (µg) | R1: Vitamin B1 (Thiamin) (mg) | S1: Vitamin B2 (Riboflavin) (mg) | T1: Vitamin B6 (Pyridoxin) (mg) | U1: Niacin (mg) | V1: Folat (µg) | W1: Pantothensäure (mg) | X1: Vitamin C (Ascorbinsäure) (mg) | Y1: Vitamin E (α-Tocopherol) (mg) | Z1: Kalium (K) (mg) | AA1: Natrium (Na) (mg) | AB1: Chlorid (Cl) (mg) | AC1: Calcium (Ca) (mg) | AD1: Magnesium (Mg) (mg) | AE1: Phosphor (P) (mg) | AF1: Eisen (Fe) (mg) | AG1: Jod (I) (µg) | AH1: Zink (Zn) (mg) | AI1: Selen (Se) (µg)
A2: 1 | B2: Ananas | C2: Fruechte | D2: 221 | E2: 0.1 | F2: 0 | G2: 0 | H2: 0 | I2: 11.7 | J2: 10.5 | K2: 0 | L2: 1.2 | M2: 0.5 | N2: 8 | O2: 4 | P2: 49 | Q2: 49 | R2: 0.07 | S2: 0.02 | T2: 0.07 | U2: 0.2 | V2: 9.4 | W2: 0.13 | X2: 56.5 | Y2: 0.03 | Z2: 120 | AA2: 1 | AB2: 19 | AC2: 14 | AD2: 11 | AE2: 6 | AF2: 0.2 | AG2: 1.4 | AH2: 0.1 | AI2: 0.1
A3: 2 | B3: Apfel | C3: Fruechte | D3: 222 | E3: 0.3 | F3: 0.1 | G3: 0 | H3: 0.2 | I3: 11.6 | J3: 11.5 | K3: 0.1 | L3: 1.4 | M3: 0.3 | N3: 4 | O3: 2 | P3: 25 | Q3: 23 | R3: 0.01 | S3: 0.01 | T3: 0.04 | U3: 0.08 | V3: 6 | W3: 0.08 | X3: 7.2 | Y3: 0.09 | Z3: 120 | AA3: 1.5 | AB3: 61 | AC3: 5.3 | AD3: 6.5 | AE3: 14 | AF3: 0.1 | AG3: 0.8 | AH3: 0.1 | AI3: 0.5
A4: 3 | B4: Aprikose | C4: Fruechte | D4: 185 | E4: 0.1 | F4: 0 | G4: 0.1 | H4: 0 | I4: 9 | J4: 6.7 | K4: 0 | L4: 1.7 | M4: 0.8 | N4: 384 | O4: 192 | P4: 2305 | Q4: 2243 | R4: 0.02 | S4: 0.02 | T4: 0.06 | U4: 0.38 | V4: 5.6 | W4: 0.18 | X4: 3.6 | Y4: 0.5 | Z4: 260 | AA4: 0 | AB4: 1 | AC4: 15 | AD4: 8.4 | AE4: 22 | AF4: 0.2 | AG4: 0.5 | AH4: 0.1 | AI4: 0.1
A5: 4 | B5: Aubergine | C5: Gemuese | D5: 86 | E5: 0.1 | F5: 0 | G5: 0 | H5: 0.1 | I5: 2.4 | J5: 2.4 | K5: 0 | L5: 2.7 | M5: 1.1 | N5: 8 | O5: 4 | P5: 47 | Q5: 47 | R5: 0.04 | S5: 0.03 | T5: 0.08 | U5: 0.72 | V5: 24.5 | W5: 0.25 | X5: 1.9 | Y5: 0.17 | Z5: 240 | AA5: 2.5 | AB5: 55 | AC5: 12 | AD5: 14 | AE5: 21 | AF5: 0.3 | AG5: 0.1 | AH5: 0.1 | AI5: 3.9
A6: 5 | B6: Banane | C6: Fruechte | D6: 378 | E6: 0.1 | F6: 0 | G6: 0 | H6: 0 | I6: 19.7 | J6: 15.6 | K6: 3.8 | L6: 2.7 | M6: 1.1 | N6: 14 | O6: 7 | P6: 84 | Q6: 54 | R6: 0.05 | S6: 0.03 | T6: 0.25 | U6: 0.6 | V6: 25.6 | W6: 0.23 | X6: 11.9 | Y6: 0 | Z6: 320 | AA6: 0 | AB6: 80 | AC6: 5.1 | AD6: 28 | AE6: 29 | AF6: 0.2 | AG6: 3 | AH6: 0.1 | AI6: 0.5
A7: 6 | B7: Basilikum | C7: Gemuese | D7: 194 | E7: 0.8 | F7: 0.1 | G7: 0 | H7: 0.4 | I7: 5.1 | J7: 5 | K7: 0.1 | L7: 3.1 | M7: 3.1 | N7: 811 | O7: 405 | P7: 4865 | Q7: 4820 | R7: 0.08 | S7: 0.31 | T7: 0.18 | U7: 1.1 | V7: 50 | W7: 0.2 | X7: 26 | Y7: 1 | Z7: 300 | AA7: 9 | AB7: 35 | AC7: 250 | AD7: 11 | AE7: 37 | AF7: 5.5 | AG7: 0.9 | AH7: 0.7 | AI7: 0
A8: 7 | B8: Birne | C8: Fruechte | D8: 227 | E8: 0.3 | F8: 0.1 | G8: 0.1 | H8: 0.1 | I8: 10.9 | J8: 9 | K8: 0 | L8: 2.9 | M8: 0.5 | N8: 2 | O8: 1 | P8: 14 | Q8: 14 | R8: 0.01 | S8: 0.01 | T8: 0.03 | U8: 0.19 | V8: 11.5 | W8: 0.09 | X8: 4.5 | Y8: 0.12 | Z8: 130 | AA8: 1.8 | AB8: 61 | AC8: 6.5 | AD8: 8.2 | AE8: 15 | AF8: 0.1 | AG8: 0.4 | AH8: 0.1 | AI8: 0.5
A9: 8 | B9: Blumenkohl | C9: Gemuese | D9: 109 | E9: 0.7 | F9: 0.2 | G9: 0.1 | H9: 0.3 | I9: 2.1 | J9: 1.7 | K9: 0.2 | L9: 2 | M9: 1.8 | N9: 1 | O9: 1 | P9: 6 | Q9: 6 | R9: 0.04 | S9: 0.09 | T9: 0.15 | U9: 0.26 | V9: 56 | W9: 0.75 | X9: 60.2 | Y9: 0.09 | Z9: 270 | AA9: 6 | AB9: 22 | AC9: 23 | AD9: 9.8 | AE9: 40 | AF9: 0.3 | AG9: 0.7 | AH9: 0.3 | AI9: 1
A10: 9 | B10: Bohne | C10: Gemuese | D10: 134 | E10: 0.2 | F10: 0.1 | G10: 0 | H10: 0.1 | I10: 4.1 | J10: 3.3 | K10: 0.8 | L10: 3 | M10: 1.9 | N10: 57 | O10: 29 | P10: 343 | Q10: 343 | R10: 0.12 | S10: 0.09 | T10: 0.09 | U10: 0.8 | V10: 53.3 | W10: 0.13 | X10: 10.8 | Y10: 0.36 | Z10: 260 | AA10: 3.9 | AB10: 13 | AC10: 52 | AD10: 25 | AE10: 38 | AF10: 1 | AG10: 2.5 | AH10: 0.4 | AI10: 1
A11: 10 | B11: Broccoli | C11: Gemuese | D11: 163 | E11: 0.6 | F11: 0.2 | G11: 0.1 | H11: 0.3 | I11: 3.2 | J11: 1.9 | K11: 0.6 | L11: 3.2 | M11: 3.6 | N11: 92 | O11: 46 | P11: 554 | Q11: 554 | R11: 0.1 | S11: 0.12 | T11: 0.21 | U11: 0.8 | V11: 60.3 | W11: 0.77 | X11: 102.9 | Y11: 1.45 | Z11: 390 | AA11: 12 | AB11: 78 | AC11: 46 | AD11: 21 | AE11: 80 | AF11: 0.9 | AG11: 7.6 | AH11: 0.5 | AI11: 0.8
A12: 11 | B12: Brombeere | C12: Fruechte | D12: 198 | E12: 0.7 | F12: 0.1 | G12: 0.2 | H12: 0.4 | I12: 6.5 | J12: 6.1 | K12: 0 | L12: 5.2 | M12: 1.1 | N12: 19 | O12: 9 | P12: 113 | Q12: 98 | R12: 0.01 | S12: 0.03 | T12: 0.02 | U12: 0.47 | V12: 16.1 | W12: 0.24 | X12: 10.7 | Y12: 0.6 | Z12: 200 | AA12: 1 | AB12: 20 | AC12: 31 | AD12: 20 | AE12: 25 | AF12: 0.4 | AG12: 0.4 | AH12: 0.2 | AI12: 0
A13: 12 | B13: Brunnenkresse | C13: Gemuese | D13: 71 | E13: 0.2 | F13: 0.1 | G13: 0 | H13: 0.1 | I13: 0.3 | J13: 0.3 | K13: 0 | L13: 2.6 | M13: 2.2 | N13: 421 | O13: 211 | P13: 2527 | Q13: 2527 | R13: 0.09 | S13: 0.12 | T13: 0.18 | U13: 0.4 | V13: 173 | W13: 0.18 | X13: 36.3 | Y13: 1.2 | Z13: 300 | AA13: 42 | AB13: 110 | AC13: 160 | AD13: 20 | AE13: 53 | AF13: 1.3 | AG13: 2 | AH13: 0.2 | AI13: 0
... A96: 95 | B96: Zwiebel | C96: Gemuese | D96: 163 | E96: 0.6 | F96: 0.2 | G96: 0 | H96: 0.1 | I96: 6.3 | J96: 4.8 | K96: 0 | L96: 1.9 | M96: 1.1 | N96: 3 | O96: 1 | P96: 16 | Q96: 16 | R96: 0.04 | S96: 0.02 | T96: 0.09 | U96: 0.2 | V96: 29.6 | W96: 0.16 | X96: 5 | Y96: 0.06 | Z96: 140 | AA96: 7.7 | AB96: 23 | AC96: 20 | AD96: 8.5 | AE96: 30 | AF96: 0.2 | AG96: 1.8 | AH96: 0.2 | AI96: 0.6

Sheet Visualisierung
A1: Traningsdaten für das Perzeptron
A2: Die Trainingsdaten beinhalten für bekannte Lebensmittel eine nachvollziehbare Zuteilung gemäß der Nutzungsform in der Küche (nicht die botanische Definition!).
A3: Obst entspricht dem Zuweisungscode 1 und Gemüse dem Zuweisungscode 0.
A5: Lebensmittelname | B5: Zuweisung | C5: Zuweisungscode | D5: Wert x1 (Zucker in g) | E5: Wert x2 (Magnesium in mg)
A6: Ananas | B6: Obst | C6: 1 | D6: 10.5 | E6: 11
A7: Mandarine | B7: Obst | C7: 1 | D7: 8.6 | E7: 9.3
A8: Mango | B8: Obst | C8: 1 | D8: 12 | E8: 9
A9: Granatapfel | B9: Obst | C9: 1 | D9: 13.3 | E9: 12
A10: Kiwi | B10: Obst | C10: 1 | D10: 8.9 | E10: 13
A11: Weintraube | B11: Obst | C11: 1 | D11: 14.6 | E11: 7.6
A12: Quitte | B12: Obst | C12: 1 | D12: 7.3 | E12: 8.2
A13: Stachelbeere | B13: Obst | C13: 1 | D13: 7.1 | E13: 8
A14: Zwetschge | B14: Obst | C14: 1 | D14: 8.8 | E14: 8
A15: Heidelbeere | B15: Obst | C15: 1 | D15: 10 | E15: 5
A16: Apfel | B16: Obst | C16: 1 | D16: 11.5 | E16: 6.5
A19: Lebensmittelname | B19: Zuweisung | C19: Zuweisungscode | D19: Wert x1 (Zucker in g) | E19: Wert x2 (Magnesium in mg)
A20: Mangold | B20: Gemüse | C20: 0 | D20: 0.5 | E20: 81
A21: Schnittlauch | B21: Gemüse | C21: 0 | D21: 1.9 | E21: 40
A22: Gartensalat | B22: Gemüse | C22: 0 | D22: 1.3 | E22: 11
A23: Lauch | B23: Gemüse | C23: 0 | D23: 3.5 | E23: 8.8
A24: Rote Peperoni | B24: Gemüse | C24: 0 | D24: 5.1 | E24: 12
A25: Grünkohl | B25: Gemüse | C25: 0 | D25: 2.5 | E25: 38
A26: Schwarzwurzel | B26: Gemüse | C26: 0 | D26: 2 | E26: 24
A27: Erbsen | B27: Gemüse | C27: 0 | D27: 5.5 | E27: 34
A28: Zucchini | B28: Gemüse | C28: 0 | D28: 1.9 | E28: 23
A29: Aubergine | B29: Gemüse | C29: 0 | D29: 2.4 | E29: 14
A30: Fenchel | B30: Gemüse | C30: 0 | D30: 0.1 | E30: 12

Sheet Trainingsdaten
A1: DATA-ID | B1: Name | C1: Wertx1 | D1: Wertx2 | E1: Zuweisungscode | G1: Lernrate | H1: Lern
A2: 1 | B2: Ananas | C2: 10.5 | D2: 11 | E2: 1 | G2: Lernrate | H2: 0.1
A3: 2 | B3: Mandarine | C3: 8.6 | D3: 9.3 | E3: 1 | G3: Epochenanzahl | H3: 2
A4: 3 | B4: Mango | C4: 12 | D4: 9 | E4: 1 | G4: Trainingsdatensätze | H4: =COUNTA(B:B)-1 -> 22
A5: 4 | B5: Granatapfel | C5: 13.3 | D5: 12 | E5: 1
A6: 5 | B6: Kiwi | C6: 8.9 | D6: 13 | E6: 1
A7: 6 | B7: Weintraube | C7: 14.6 | D7: 7.6 | E7: 1
A8: 7 | B8: Quitte | C8: 7.3 | D8: 8.2 | E8: 1
A9: 8 | B9: Stachelbeere | C9: 7.1 | D9: 8 | E9: 1
A10: 9 | B10: Zwetschge | C10: 8.8 | D10: 8 | E10: 1
A11: 10 | B11: Heidelbeere | C11: 10 | D11: 5 | E11: 1
A12: 11 | B12: Apfel | C12: 11.5 | D12: 6.5 | E12: 1
A13: 12 | B13: Mangold | C13: 0.5 | D13: 81 | E13: 0
A14: 13 | B14: Schnittlauch | C14: 1.9 | D14: 40 | E14: 0
A15: 14 | B15: Gartensalat | C15: 1.3 | D15: 11 | E15: 0
A16: 15 | B16: Lauch | C16: 3.5 | D16: 8.8 | E16: 0
... A23: 22 | B23: Fenchel | C23: 0.1 | D23: 12 | E23: 0

Sheet Training
A1: DATA-ID | B1: Epoche | C1: Datensatz in Epoche | D1: Name | E1: Wertx1 | F1: Wertx2 | G1: Zuweisungscode | H1: Lernrate | I1: Gewicht w1 | J1: Gewicht w2 | K1: Bias | L1: Summe | M1: Vorhersage | N1: Fehler
A2: 0 | B2: 1 | C2: 0 | D2: DUMMY 1 | E2: 0 | F2: 0 | G2: 1 | H2: =Trainingsdaten!$H$2 -> 0.1 | I2: 0 | J2: 0 | K2: 0 | L2: =E2*I2+F2*J2+K2 -> 0 | M2: =IF(L2>0,1,0) -> 0 | N2: =G2-M2 -> 1
A3: 0 | B3: 1 | C3: 0 | D3: DUMMY 2 | E3: -1 | F3: 1 | G3: 0 | H3: =Trainingsdaten!$H$2 -> 0.1 | I3: =I2+H3*N2*E3 -> -0.1 | J3: =J2+H3*N2*F3 -> 0.1 | K3: =K2+H3*N2 -> 0.1 | L3: =E3*I3+F3*J3+K3 -> 0.3 | M3: =IF(L3>0,1,0) -> 1 | N3: =G3-M3 -> -1
A4: =IF($B4>Trainingsdaten!$H$3,"",MOD(ROW()-4,Trainingsdaten!$H$4)+1) -> 1 | B4: =IF(INT((ROW()-4)/Trainingsdaten!$H$4)+1>Trainingsdaten!$H$3,"",INT((ROW()-4)/Trainingsdaten!$H$4)+1) -> 1 | C4: =IF(INT((ROW()-4)/Trainingsdaten!$H$4)+1>Trainingsdaten!$H$3,"",MOD(ROW()-4,Trainingsdaten!$H$4)+1) -> 1 | D4: =IF($B4>Trainingsdaten!$H$3,"",INDEX(Trainingsdaten!B:B,$C4+1)) -> Ananas | E4: =IF($B4>Trainingsdaten!$H$3,"",INDEX(Trainingsdaten!C:C,$C4+1)) -> 10.5 | F4: =IF($B4>Trainingsdaten!$H$3,"",INDEX(Trainingsdaten!D:D,$C4+1)) -> 11 | G4: =IF($B4>Trainingsdaten!$H$3,"",INDEX(Trainingsdaten!E:E,$C4+1)) -> 1 | H4: =IF($B4>Trainingsdaten!$H$3,"",Trainingsdaten!$H$2) -> 0.1 | I4: =IF(B4>Trainingsdaten!$H$3,"",I3+H4*N3*E4) -> -1.15 | J4: =IF(B4>Trainingsdaten!$H$3,"",J3+H4*N3*F4) -> -1 | K4: =IF(B4>Trainingsdaten!$H$3,"",K3+H4*N3) -> 0 | L4: =IF(B4>Trainingsdaten!$H$3,"",E4*I4+F4*J4+K4) -> -23.075 | M4: =IF(B4>Trainingsdaten!$H$3,"",IF(L4>0,1,0)) -> 0 | N4: =IF(B4>Trainingsdaten!$H$3,"",G4-M4) -> 1
A5: =IF($B5>Trainingsdaten!$H$3,"",MOD(ROW()-4,Trainingsdaten!$H$4)+1) -> 2 | B5: =IF(INT((ROW()-4)/Trainingsdaten!$H$4)+1>Trainingsdaten!$H$3,"",INT((ROW()-4)/Trainingsdaten!$H$4)+1) -> 1 | C5: =IF(INT((ROW()-4)/Trainingsdaten!$H$4)+1>Trainingsdaten!$H$3,"",MOD(ROW()-4,Trainingsdaten!$H$4)+1) -> 2 | D5: =IF($B5>Trainingsdaten!$H$3,"",INDEX(Trainingsdaten!B:B,$C5+1)) -> Mandarine | E5: =IF($B5>Trainingsdaten!$H$3,"",INDEX(Trainingsdaten!C:C,$C5+1)) -> 8.6 | F5: =IF($B5>Trainingsdaten!$H$3,"",INDEX(Trainingsdaten!D:D,$C5+1)) -> 9.3 | G5: =IF($B5>Trainingsdaten!$H$3,"",INDEX(Trainingsdaten!E:E,$C5+1)) -> 1 | H5: =IF($B5>Trainingsdaten!$H$3,"",Trainingsdaten!$H$2) -> 0.1 | I5: =IF(B5>Trainingsdaten!$H$3,"",I4+H5*N4*E5) -> -0.29 | J5: =IF(B5>Trainingsdaten!$H$3,"",J4+H5*N4*F5) -> -0.07 | K5: =IF(B5>Trainingsdaten!$H$3,"",K4+H5*N4) -> 0.1 | L5: =IF(B5>Trainingsdaten!$H$3,"",E5*I5+F5*J5+K5) -> -3.045 | M5: =IF(B5>Trainingsdaten!$H$3,"",IF(L5>0,1,0)) -> 0 | N5: =IF(B5>Trainingsdaten!$H$3,"",G5-M5) -> 1
A6: =IF($B6>Trainingsdaten!$H$3,"",MOD(ROW()-4,Trainingsdaten!$H$4)+1) -> 3 | B6: =IF(INT((ROW()-4)/Trainingsdaten!$H$4)+1>Trainingsdaten!$H$3,"",INT((ROW()-4)/Trainingsdaten!$H$4)+1) -> 1 | C6: =IF(INT((ROW()-4)/Trainingsdaten!$H$4)+1>Trainingsdaten!$H$3,"",MOD(ROW()-4,Trainingsdaten!$H$4)+1) -> 3 | D6: =IF($B6>Trainingsdaten!$H$3,"",INDEX(Trainingsdaten!B:B,$C6+1)) -> Mango | E6: =IF($B6>Trainingsdaten!$H$3,"",INDEX(Trainingsdaten!C:C,$C6+1)) -> 12 | F6: =IF($B6>Trainingsdaten!$H$3,"",INDEX(Trainingsdaten!D:D,$C6+1)) -> 9 | G6: =IF($B6>Trainingsdaten!$H$3,"",INDEX(Trainingsdaten!E:E,$C6+1)) -> 1 | H6: =IF($B6>Trainingsdaten!$H$3,"",Trainingsdaten!$H$2) -> 0.1 | I6: =IF(B6>Trainingsdaten!$H$3,"",I5+H6*N5*E6) -> 0.91 | J6: =IF(B6>Trainingsdaten!$H$3,"",J5+H6*N5*F6) -> 0.83 | K6: =IF(B6>Trainingsdaten!$H$3,"",K5+H6*N5) -> 0.2 | L6: =IF(B6>Trainingsdaten!$H$3,"",E6*I6+F6*J6+K6) -> 18.59 | M6: =IF(B6>Trainingsdaten!$H$3,"",IF(L6>0,1,0)) -> 1 | N6: =IF(B6>Trainingsdaten!$H$3,"",G6-M6) -> 0
A7: =IF($B7>Trainingsdaten!$H$3,"",MOD(ROW()-4,Trainingsdaten!$H$4)+1) -> 4 | B7: =IF(INT((ROW()-4)/Trainingsdaten!$H$4)+1>Trainingsdaten!$H$3,"",INT((ROW()-4)/Trainingsdaten!$H$4)+1) -> 1 | C7: =IF(INT((ROW()-4)/Trainingsdaten!$H$4)+1>Trainingsdaten!$H$3,"",MOD(ROW()-4,Trainingsdaten!$H$4)+1) -> 4 | D7: =IF($B7>Trainingsdaten!$H$3,"",INDEX(Trainingsdaten!B:B,$C7+1)) -> Granatapfel | E7: =IF($B7>Trainingsdaten!$H$3,"",INDEX(Trainingsdaten!C:C,$C7+1)) -> 13.3 | F7: =IF($B7>Trainingsdaten!$H$3,"",INDEX(Trainingsdaten!D:D,$C7+1)) -> 12 | G7: =IF($B7>Trainingsdaten!$H$3,"",INDEX(Trainingsdaten!E:E,$C7+1)) -> 1 | H7: =IF($B7>Trainingsdaten!$H$3,"",Trainingsdaten!$H$2) -> 0.1 | I7: =IF(B7>Trainingsdaten!$H$3,"",I6+H7*N6*E7) -> 0.91 | J7: =IF(B7>Trainingsdaten!$H$3,"",J6+H7*N6*F7) -> 0.83 | K7: =IF(B7>Trainingsdaten!$H$3,"",K6+H7*N6) -> 0.2 | L7: =IF(B7>Trainingsdaten!$H$3,"",E7*I7+F7*J7+K7) -> 22.263 | M7: =IF(B7>Trainingsdaten!$H$3,"",IF(L7>0,1,0)) -> 1 | N7: =IF(B7>Trainingsdaten!$H$3,"",G7-M7) -> 0
A8: =IF($B8>Trainingsdaten!$H$3,"",MOD(ROW()-4,Trainingsdaten!$H$4)+1) -> 5 | B8: =IF(INT((ROW()-4)/Trainingsdaten!$H$4)+1>Trainingsdaten!$H$3,"",INT((ROW()-4)/Trainingsdaten!$H$4)+1) -> 1 | C8: =IF(INT((ROW()-4)/Trainingsdaten!$H$4)+1>Trainingsdaten!$H$3,"",MOD(ROW()-4,Trainingsdaten!$H$4)+1) -> 5 | D8: =IF($B8>Trainingsdaten!$H$3,"",INDEX(Trainingsdaten!B:B,$C8+1)) -> Kiwi | E8: =IF($B8>Trainingsdaten!$H$3,"",INDEX(Trainingsdaten!C:C,$C8+1)) -> 8.9 | F8: =IF($B8>Trainingsdaten!$H$3,"",INDEX(Trainingsdaten!D:D,$C8+1)) -> 13 | G8: =IF($B8>Trainingsdaten!$H$3,"",INDEX(Trainingsdaten!E:E,$C8+1)) -> 1 | H8: =IF($B8>Trainingsdaten!$H$3,"",Trainingsdaten!$H$2) -> 0.1 | I8: =IF(B8>Trainingsdaten!$H$3,"",I7+H8*N7*E8) -> 0.91 | J8: =IF(B8>Trainingsdaten!$H$3,"",J7+H8*N7*F8) -> 0.83 | K8: =IF(B8>Trainingsdaten!$H$3,"",K7+H8*N7) -> 0.2 | L8: =IF(B8>Trainingsdaten!$H$3,"",E8*I8+F8*J8+K8) -> 19.089 | M8: =IF(B8>Trainingsdaten!$H$3,"",IF(L8>0,1,0)) -> 1 | N8: =IF(B8>Trainingsdaten!$H$3,"",G8-M8) -> 0
A9: =IF($B9>Trainingsdaten!$H$3,"",MOD(ROW()-4,Trainingsdaten!$H$4)+1) -> 6 | B9: =IF(INT((ROW()-4)/Trainingsdaten!$H$4)+1>Trainingsdaten!$H$3,"",INT((ROW()-4)/Trainingsdaten!$H$4)+1) -> 1 | C9: =IF(INT((ROW()-4)/Trainingsdaten!$H$4)+1>Trainingsdaten!$H$3,"",MOD(ROW()-4,Trainingsdaten!$H$4)+1) -> 6 | D9: =IF($B9>Trainingsdaten!$H$3,"",INDEX(Trainingsdaten!B:B,$C9+1)) -> Weintraube | E9: =IF($B9>Trainingsdaten!$H$3,"",INDEX(Trainingsdaten!C:C,$C9+1)) -> 14.6 | F9: =IF($B9>Trainingsdaten!$H$3,"",INDEX(Trainingsdaten!D:D,$C9+1)) -> 7.6 | G9: =IF($B9>Trainingsdaten!$H$3,"",INDEX(Trainingsdaten!E:E,$C9+1)) -> 1 | H9: =IF($B9>Trainingsdaten!$H$3,"",Trainingsdaten!$H$2) -> 0.1 | I9: =IF(B9>Trainingsdaten!$H$3,"",I8+H9*N8*E9) -> 0.91 | J9: =IF(B9>Trainingsdaten!$H$3,"",J8+H9*N8*F9) -> 0.83 | K9: =IF(B9>Trainingsdaten!$H$3,"",K8+H9*N8) -> 0.2 | L9: =IF(B9>Trainingsdaten!$H$3,"",E9*I9+F9*J9+K9) -> 19.794 | M9: =IF(B9>Trainingsdaten!$H$3,"",IF(L9>0,1,0)) -> 1 | N9: =IF(B9>Trainingsdaten!$H$3,"",G9-M9) -> 0
A10: =IF($B10>Trainingsdaten!$H$3,"",MOD(ROW()-4,Trainingsdaten!$H$4)+1) -> 7 | B10: =IF(INT((ROW()-4)/Trainingsdaten!$H$4)+1>Trainingsdaten!$H$3,"",INT((ROW()-4)/Trainingsdaten!$H$4)+1) -> 1 | C10: =IF(INT((ROW()-4)/Trainingsdaten!$H$4)+1>Trainingsdaten!$H$3,"",MOD(ROW()-4,Trainingsdaten!$H$4)+1) -> 7 | D10: =IF($B10>Trainingsdaten!$H$3,"",INDEX(Trainingsdaten!B:B,$C10+1)) -> Quitte | E10: =IF($B10>Trainingsdaten!$H$3,"",INDEX(Trainingsdaten!C:C,$C10+1)) -> 7.3 | F10: =IF($B10>Trainingsdaten!$H$3,"",INDEX(Trainingsdaten!D:D,$C10+1)) -> 8.2 | G10: =IF($B10>Trainingsdaten!$H$3,"",INDEX(Trainingsdaten!E:E,$C10+1)) -> 1 | H10: =IF($B10>Trainingsdaten!$H$3,"",Trainingsdaten!$H$2) -> 0.1 | I10: =IF(B10>Trainingsdaten!$H$3,"",I9+H10*N9*E10) -> 0.91 | J10: =IF(B10>Trainingsdaten!$H$3,"",J9+H10*N9*F10) -> 0.83 | K10: =IF(B10>Trainingsdaten!$H$3,"",K9+H10*N9) -> 0.2 | L10: =IF(B10>Trainingsdaten!$H$3,"",E10*I10+F10*J10+K10) -> 13.649 | M10: =IF(B10>Trainingsdaten!$H$3,"",IF(L10>0,1,0)) -> 1 | N10: =IF(B10>Trainingsdaten!$H$3,"",G10-M10) -> 0
A11: =IF($B11>Trainingsdaten!$H$3,"",MOD(ROW()-4,Trainingsdaten!$H$4)+1) -> 8 | B11: =IF(INT((ROW()-4)/Trainingsdaten!$H$4)+1>Trainingsdaten!$H$3,"",INT((ROW()-4)/Trainingsdaten!$H$4)+1) -> 1 | C11: =IF(INT((ROW()-4)/Trainingsdaten!$H$4)+1>Trainingsdaten!$H$3,"",MOD(ROW()-4,Trainingsdaten!$H$4)+1) -> 8 | D11: =IF($B11>Trainingsdaten!$H$3,"",INDEX(Trainingsdaten!B:B,$C11+1)) -> Stachelbeere | E11: =IF($B11>Trainingsdaten!$H$3,"",INDEX(Trainingsdaten!C:C,$C11+1)) -> 7.1 | F11: =IF($B11>Trainingsdaten!$H$3,"",INDEX(Trainingsdaten!D:D,$C11+1)) -> 8 | G11: =IF($B11>Trainingsdaten!$H$3,"",INDEX(Trainingsdaten!E:E,$C11+1)) -> 1 | H11: =IF($B11>Trainingsdaten!$H$3,"",Trainingsdaten!$H$2) -> 0.1 | I11: =IF(B11>Trainingsdaten!$H$3,"",I10+H11*N10*E11) -> 0.91 | J11: =IF(B11>Trainingsdaten!$H$3,"",J10+H11*N10*F11) -> 0.83 | K11: =IF(B11>Trainingsdaten!$H$3,"",K10+H11*N10) -> 0.2 | L11: =IF(B11>Trainingsdaten!$H$3,"",E11*I11+F11*J11+K11) -> 13.301 | M11: =IF(B11>Trainingsdaten!$H$3,"",IF(L11>0,1,0)) -> 1 | N11: =IF(B11>Trainingsdaten!$H$3,"",G11-M11) -> 0
A12: =IF($B12>Trainingsdaten!$H$3,"",MOD(ROW()-4,Trainingsdaten!$H$4)+1) -> 9 | B12: =IF(INT((ROW()-4)/Trainingsdaten!$H$4)+1>Trainingsdaten!$H$3,"",INT((ROW()-4)/Trainingsdaten!$H$4)+1) -> 1 | C12: =IF(INT((ROW()-4)/Trainingsdaten!$H$4)+1>Trainingsdaten!$H$3,"",MOD(ROW()-4,Trainingsdaten!$H$4)+1) -> 9 | D12: =IF($B12>Trainingsdaten!$H$3,"",INDEX(Trainingsdaten!B:B,$C12+1)) -> Zwetschge | E12: =IF($B12>Trainingsdaten!$H$3,"",INDEX(Trainingsdaten!C:C,$C12+1)) -> 8.8 | F12: =IF($B12>Trainingsdaten!$H$3,"",INDEX(Trainingsdaten!D:D,$C12+1)) -> 8 | G12: =IF($B12>Trainingsdaten!$H$3,"",INDEX(Trainingsdaten!E:E,$C12+1)) -> 1 | H12: =IF($B12>Trainingsdaten!$H$3,"",Trainingsdaten!$H$2) -> 0.1 | I12: =IF(B12>Trainingsdaten!$H$3,"",I11+H12*N11*E12) -> 0.91 | J12: =IF(B12>Trainingsdaten!$H$3,"",J11+H12*N11*F12) -> 0.83 | K12: =IF(B12>Trainingsdaten!$H$3,"",K11+H12*N11) -> 0.2 | L12: =IF(B12>Trainingsdaten!$H$3,"",E12*I12+F12*J12+K12) -> 14.848 | M12: =IF(B12>Trainingsdaten!$H$3,"",IF(L12>0,1,0)) -> 1 | N12: =IF(B12>Trainingsdaten!$H$3,"",G12-M12) -> 0
A13: =IF($B13>Trainingsdaten!$H$3,"",MOD(ROW()-4,Trainingsdaten!$H$4)+1) -> 10 | B13: =IF(INT((ROW()-4)/Trainingsdaten!$H$4)+1>Trainingsdaten!$H$3,"",INT((ROW()-4)/Trainingsdaten!$H$4)+1) -> 1 | C13: =IF(INT((ROW()-4)/Trainingsdaten!$H$4)+1>Trainingsdaten!$H$3,"",MOD(ROW()-4,Trainingsdaten!$H$4)+1) -> 10 | D13: =IF($B13>Trainingsdaten!$H$3,"",INDEX(Trainingsdaten!B:B,$C13+1)) -> Heidelbeere | E13: =IF($B13>Trainingsdaten!$H$3,"",INDEX(Trainingsdaten!C:C,$C13+1)) -> 10 | F13: =IF($B13>Trainingsdaten!$H$3,"",INDEX(Trainingsdaten!D:D,$C13+1)) -> 5 | G13: =IF($B13>Trainingsdaten!$H$3,"",INDEX(Trainingsdaten!E:E,$C13+1)) -> 1 | H13: =IF($B13>Trainingsdaten!$H$3,"",Trainingsdaten!$H$2) -> 0.1 | I13: =IF(B13>Trainingsdaten!$H$3,"",I12+H13*N12*E13) -> 0.91 | J13: =IF(B13>Trainingsdaten!$H$3,"",J12+H13*N12*F13) -> 0.83 | K13: =IF(B13>Trainingsdaten!$H$3,"",K12+H13*N12) -> 0.2 | L13: =IF(B13>Trainingsdaten!$H$3,"",E13*I13+F13*J13+K13) -> 13.45 | M13: =IF(B13>Trainingsdaten!$H$3,"",IF(L13>0,1,0)) -> 1 | N13: =IF(B13>Trainingsdaten!$H$3,"",G13-M13) -> 0
A14: =IF($B14>Trainingsdaten!$H$3,"",MOD(ROW()-4,Trainingsdaten!$H$4)+1) -> 11 | B14: =IF(INT((ROW()-4)/Trainingsdaten!$H$4)+1>Trainingsdaten!$H$3,"",INT((ROW()-4)/Trainingsdaten!$H$4)+1) -> 1 | C14: =IF(INT((ROW()-4)/Trainingsdaten!$H$4)+1>Trainingsdaten!$H$3,"",MOD(ROW()-4,Trainingsdaten!$H$4)+1) -> 11 | D14: =IF($B14>Trainingsdaten!$H$3,"",INDEX(Trainingsdaten!B:B,$C14+1)) -> Apfel | E14: =IF($B14>Trainingsdaten!$H$3,"",INDEX(Trainingsdaten!C:C,$C14+1)) -> 11.5 | F14: =IF($B14>Trainingsdaten!$H$3,"",INDEX(Trainingsdaten!D:D,$C14+1)) -> 6.5 | G14: =IF($B14>Trainingsdaten!$H$3,"",INDEX(Trainingsdaten!E:E,$C14+1)) -> 1 | H14: =IF($B14>Trainingsdaten!$H$3,"",Trainingsdaten!$H$2) -> 0.1 | I14: =IF(B14>Trainingsdaten!$H$3,"",I13+H14*N13*E14) -> 0.91 | J14: =IF(B14>Trainingsdaten!$H$3,"",J13+H14*N13*F14) -> 0.83 | K14: =IF(B14>Trainingsdaten!$H$3,"",K13+H14*N13) -> 0.2 | L14: =IF(B14>Trainingsdaten!$H$3,"",E14*I14+F14*J14+K14) -> 16.06 | M14: =IF(B14>Trainingsdaten!$H$3,"",IF(L14>0,1,0)) -> 1 | N14: =IF(B14>Trainingsdaten!$H$3,"",G14-M14) -> 0
A15: =IF($B15>Trainingsdaten!$H$3,"",MOD(ROW()-4,Trainingsdaten!$H$4)+1) -> 12 | B15: =IF(INT((ROW()-4)/Trainingsdaten!$H$4)+1>Trainingsdaten!$H$3,"",INT((ROW()-4)/Trainingsdaten!$H$4)+1) -> 1 | C15: =IF(INT((ROW()-4)/Trainingsdaten!$H$4)+1>Trainingsdaten!$H$3,"",MOD(ROW()-4,Trainingsdaten!$H$4)+1) -> 12 | D15: =IF($B15>Trainingsdaten!$H$3,"",INDEX(Trainingsdaten!B:B,$C15+1)) -> Mangold | E15: =IF($B15>Trainingsdaten!$H$3,"",INDEX(Trainingsdaten!C:C,$C15+1)) -> 0.5 | F15: =IF($B15>Trainingsdaten!$H$3,"",INDEX(Trainingsdaten!D:D,$C15+1)) -> 81 | G15: =IF($B15>Trainingsdaten!$H$3,"",INDEX(Trainingsdaten!E:E,$C15+1)) -> 0 | H15: =IF($B15>Trainingsdaten!$H$3,"",Trainingsdaten!$H$2) -> 0.1 | I15: =IF(B15>Trainingsdaten!$H$3,"",I14+H15*N14*E15) -> 0.91 | J15: =IF(B15>Trainingsdaten!$H$3,"",J14+H15*N14*F15) -> 0.83 | K15: =IF(B15>Trainingsdaten!$H$3,"",K14+H15*N14) -> 0.2 | L15: =IF(B15>Trainingsdaten!$H$3,"",E15*I15+F15*J15+K15) -> 67.885 | M15: =IF(B15>Trainingsdaten!$H$3,"",IF(L15>0,1,0)) -> 1 | N15: =IF(B15>Trainingsdaten!$H$3,"",G15-M15) -> -1
... A500: =IF($B500>Trainingsdaten!$H$3,"",MOD(ROW()-4,Trainingsdaten!$H$4)+1) | B500: =IF(INT((ROW()-4)/Trainingsdaten!$H$4)+1>Trainingsdaten!$H$3,"",INT((ROW()-4)/Trainingsdaten!$H$4)+1) | C500: =IF(INT((ROW()-4)/Trainingsdaten!$H$4)+1>Trainingsdaten!$H$3,"",MOD(ROW()-4,Trainingsdaten!$H$4)+1) | D500: =IF($B500>Trainingsdaten!$H$3,"",INDEX(Trainingsdaten!B:B,$C500+1)) | E500: =IF($B500>Trainingsdaten!$H$3,"",INDEX(Trainingsdaten!C:C,$C500+1)) | F500: =IF($B500>Trainingsdaten!$H$3,"",INDEX(Trainingsdaten!D:D,$C500+1)) | G500: =IF($B500>Trainingsdaten!$H$3,"",INDEX(Trainingsdaten!E:E,$C500+1)) | H500: =IF($B500>Trainingsdaten!$H$3,"",Trainingsdaten!$H$2) | I500: =IF(B500>Trainingsdaten!$H$3,"",I499+H500*N499*E500) | J500: =IF(B500>Trainingsdaten!$H$3,"",J499+H500*N499*F500) | K500: =IF(B500>Trainingsdaten!$H$3,"",K499+H500*N499) | L500: =IF(B500>Trainingsdaten!$H$3,"",E500*I500+F500*J500+K500) | M500: =IF(B500>Trainingsdaten!$H$3,"",IF(L500>0,1,0)) | N500: =IF(B500>Trainingsdaten!$H$3,"",G500-M500)

Sheet Fehlerkurve
A1: Epoche | B1: Fehleranzahl
A2: =IF(ROW(A1)<=Trainingsdaten!$H$3,ROW(A1),"") -> 1 | B2: =IF(ROW(A1)<=Trainingsdaten!$H$3,COUNTIFS(Training!$B:$B,$A2,Training!$N:$N,1)+COUNTIFS(Training!$B:$B,$A2,Training!$N:$N,-1),"") -> 5
A3: =IF(ROW(A2)<=Trainingsdaten!$H$3,ROW(A2),"") -> 2 | B3: =IF(ROW(A2)<=Trainingsdaten!$H$3,COUNTIFS(Training!$B:$B,$A3,Training!$N:$N,1)+COUNTIFS(Training!$B:$B,$A3,Training!$N:$N,-1),"") -> 2
A4: =IF(ROW(A3)<=Trainingsdaten!$H$3,ROW(A3),"") | B4: =IF(ROW(A3)<=Trainingsdaten!$H$3,COUNTIFS(Training!$B:$B,$A4,Training!$N:$N,1)+COUNTIFS(Training!$B:$B,$A4,Training!$N:$N,-1),"")
A5: =IF(ROW(A4)<=Trainingsdaten!$H$3,ROW(A4),"") | B5: =IF(ROW(A4)<=Trainingsdaten!$H$3,COUNTIFS(Training!$B:$B,$A5,Training!$N:$N,1)+COUNTIFS(Training!$B:$B,$A5,Training!$N:$N,-1),"")
A6: =IF(ROW(A5)<=Trainingsdaten!$H$3,ROW(A5),"") | B6: =IF(ROW(A5)<=Trainingsdaten!$H$3,COUNTIFS(Training!$B:$B,$A6,Training!$N:$N,1)+COUNTIFS(Training!$B:$B,$A6,Training!$N:$N,-1),"")
A7: =IF(ROW(A6)<=Trainingsdaten!$H$3,ROW(A6),"") | B7: =IF(ROW(A6)<=Trainingsdaten!$H$3,COUNTIFS(Training!$B:$B,$A7,Training!$N:$N,1)+COUNTIFS(Training!$B:$B,$A7,Training!$N:$N,-1),"")
A8: =IF(ROW(A7)<=Trainingsdaten!$H$3,ROW(A7),"") | B8: =IF(ROW(A7)<=Trainingsdaten!$H$3,COUNTIFS(Training!$B:$B,$A8,Training!$N:$N,1)+COUNTIFS(Training!$B:$B,$A8,Training!$N:$N,-1),"")
A9: =IF(ROW(A8)<=Trainingsdaten!$H$3,ROW(A8),"") | B9: =IF(ROW(A8)<=Trainingsdaten!$H$3,COUNTIFS(Training!$B:$B,$A9,Training!$N:$N,1)+COUNTIFS(Training!$B:$B,$A9,Training!$N:$N,-1),"")
A10: =IF(ROW(A9)<=Trainingsdaten!$H$3,ROW(A9),"") | B10: =IF(ROW(A9)<=Trainingsdaten!$H$3,COUNTIFS(Training!$B:$B,$A10,Training!$N:$N,1)+COUNTIFS(Training!$B:$B,$A10,Training!$N:$N,-1),"")
A11: =IF(ROW(A10)<=Trainingsdaten!$H$3,ROW(A10),"") | B11: =IF(ROW(A10)<=Trainingsdaten!$H$3,COUNTIFS(Training!$B:$B,$A11,Training!$N:$N,1)+COUNTIFS(Training!$B:$B,$A11,Training!$N:$N,-1),"")
A12: =IF(ROW(A11)<=Trainingsdaten!$H$3,ROW(A11),"") | B12: =IF(ROW(A11)<=Trainingsdaten!$H$3,COUNTIFS(Training!$B:$B,$A12,Training!$N:$N,1)+COUNTIFS(Training!$B:$B,$A12,Training!$N:$N,-1),"")
A13: =IF(ROW(A12)<=Trainingsdaten!$H$3,ROW(A12),"") | B13: =IF(ROW(A12)<=Trainingsdaten!$H$3,COUNTIFS(Training!$B:$B,$A13,Training!$N:$N,1)+COUNTIFS(Training!$B:$B,$A13,Training!$N:$N,-1),"")
... A25: =IF(ROW(A24)<=Trainingsdaten!$H$3,ROW(A24),"") | B25: =IF(ROW(A24)<=Trainingsdaten!$H$3,COUNTIFS(Training!$B:$B,$A25,Training!$N:$N,1)+COUNTIFS(Training!$B:$B,$A25,Training!$N:$N,-1),"")

Sheet Anwendung
A1: Anwendungsdaten für das Perzeptron
A3: Lebensmittelname | B3: Wert x1 (Zucker in g) | C3: Wert x2 (Magnesium in mg) | D3: Summe | E3: Zuweisungscode | F3: Zuweisung
A4: Spinat | B4: 0.1 | C4: 89 | D4: =B4*LOOKUP(2,1/(Training!I:I<>""),Training!I:I)+C4*LOOKUP(2,1/(Training!J:J<>""),Training!J:J)+LOOKUP(2,1/(Training!K:K<>""),Training!K:K) -> -118.682 | E4: =IF(D4>0,1,0) -> 0 | F4: =IF(E4=1,"Obst","Gemüse") -> Gemüse
A5: Heidelbeere | B5: 10 | C5: 5 | D5: =B5*LOOKUP(2,1/(Training!I:I<>""),Training!I:I)+C5*LOOKUP(2,1/(Training!J:J<>""),Training!J:J)+LOOKUP(2,1/(Training!K:K<>""),Training!K:K) -> 21.4 | E5: =IF(D5>0,1,0) -> 1 | F5: =IF(E5=1,"Obst","Gemüse") -> Obst
A6: Preiselbeere | B6: 6.1 | C6: 6 | D6: =B6*LOOKUP(2,1/(Training!I:I<>""),Training!I:I)+C6*LOOKUP(2,1/(Training!J:J<>""),Training!J:J)+LOOKUP(2,1/(Training!K:K<>""),Training!K:K) -> 9.218 | E6: =IF(D6>0,1,0) -> 1 | F6: =IF(E6=1,"Obst","Gemüse") -> Obst
A7: Banane | B7: 15.6 | C7: 28 | D7: =B7*LOOKUP(2,1/(Training!I:I<>""),Training!I:I)+C7*LOOKUP(2,1/(Training!J:J<>""),Training!J:J)+LOOKUP(2,1/(Training!K:K<>""),Training!K:K) -> 6.148 | E7: =IF(D7>0,1,0) -> 1 | F7: =IF(E7=1,"Obst","Gemüse") -> Obst
A8: Broccoli | B8: 1.6 | C8: 21 | D8: =B8*LOOKUP(2,1/(Training!I:I<>""),Training!I:I)+C8*LOOKUP(2,1/(Training!J:J<>""),Training!J:J)+LOOKUP(2,1/(Training!K:K<>""),Training!K:K) -> -23.392 | E8: =IF(D8>0,1,0) -> 0 | F8: =IF(E8=1,"Obst","Gemüse") -> Gemüse
A9: Peperoni | B9: 5.1 | C9: 12 | D9: =B9*LOOKUP(2,1/(Training!I:I<>""),Training!I:I)+C9*LOOKUP(2,1/(Training!J:J<>""),Training!J:J)+LOOKUP(2,1/(Training!K:K<>""),Training!K:K) -> -1.602 | E9: =IF(D9>0,1,0) -> 0 | F9: =IF(E9=1,"Obst","Gemüse") -> Gemüse
A10: Rocula | B10: 2.1 | C10: 1 | D10: =B10*LOOKUP(2,1/(Training!I:I<>""),Training!I:I)+C10*LOOKUP(2,1/(Training!J:J<>""),Training!J:J)+LOOKUP(2,1/(Training!K:K<>""),Training!K:K) -> 4.798 | E10: =IF(D10>0,1,0) -> 1 | F10: =IF(E10=1,"Obst","Gemüse") -> Obst
A11: Holunderbeere | B11: 7.4 | C11: 30 | D11: =B11*LOOKUP(2,1/(Training!I:I<>""),Training!I:I)+C11*LOOKUP(2,1/(Training!J:J<>""),Training!J:J)+LOOKUP(2,1/(Training!K:K<>""),Training!K:K) -> -19.328 | E11: =IF(D11>0,1,0) -> 0 | F11: =IF(E11=1,"Obst","Gemüse") -> Gemüse
D12: =B12*LOOKUP(2,1/(Training!I:I<>""),Training!I:I)+C12*LOOKUP(2,1/(Training!J:J<>""),Training!J:J)+LOOKUP(2,1/(Training!K:K<>""),Training!K:K) -> 0.3 | E12: =IF(D12>0,1,0) -> 1 | F12: =IF(E12=1,"Obst","Gemüse") -> Obst
D13: =B13*LOOKUP(2,1/(Training!I:I<>""),Training!I:I)+C13*LOOKUP(2,1/(Training!J:J<>""),Training!J:J)+LOOKUP(2,1/(Training!K:K<>""),Training!K:K) -> 0.3 | E13: =IF(D13>0,1,0) -> 1 | F13: =IF(E13=1,"Obst","Gemüse") -> Obst
D14: =B14*LOOKUP(2,1/(Training!I:I<>""),Training!I:I)+C14*LOOKUP(2,1/(Training!J:J<>""),Training!J:J)+LOOKUP(2,1/(Training!K:K<>""),Training!K:K) -> 0.3 | E14: =IF(D14>0,1,0) -> 1 | F14: =IF(E14=1,"Obst","Gemüse") -> Obst
D15: =B15*LOOKUP(2,1/(Training!I:I<>""),Training!I:I)+C15*LOOKUP(2,1/(Training!J:J<>""),Training!J:J)+LOOKUP(2,1/(Training!K:K<>""),Training!K:K) -> 0.3 | E15: =IF(D15>0,1,0) -> 1 | F15: =IF(E15=1,"Obst","Gemüse") -> Obst
D16: =B16*LOOKUP(2,1/(Training!I:I<>""),Training!I:I)+C16*LOOKUP(2,1/(Training!J:J<>""),Training!J:J)+LOOKUP(2,1/(Training!K:K<>""),Training!K:K) -> 0.3 | E16: =IF(D16>0,1,0) -> 1 | F16: =IF(E16=1,"Obst","Gemüse") -> Obst
D17: =B17*LOOKUP(2,1/(Training!I:I<>""),Training!I:I)+C17*LOOKUP(2,1/(Training!J:J<>""),Training!J:J)+LOOKUP(2,1/(Training!K:K<>""),Training!K:K) -> 0.3 | E17: =IF(D17>0,1,0) -> 1 | F17: =IF(E17=1,"Obst","Gemüse") -> Obst
D18: =B18*LOOKUP(2,1/(Training!I:I<>""),Training!I:I)+C18*LOOKUP(2,1/(Training!J:J<>""),Training!J:J)+LOOKUP(2,1/(Training!K:K<>""),Training!K:K) -> 0.3 | E18: =IF(D18>0,1,0) -> 1 | F18: =IF(E18=1,"Obst","Gemüse") -> Obst
D19: =B19*LOOKUP(2,1/(Training!I:I<>""),Training!I:I)+C19*LOOKUP(2,1/(Training!J:J<>""),Training!J:J)+LOOKUP(2,1/(Training!K:K<>""),Training!K:K) -> 0.3 | E19: =IF(D19>0,1,0) -> 1 | F19: =IF(E19=1,"Obst","Gemüse") -> Obst
D20: =B20*LOOKUP(2,1/(Training!I:I<>""),Training!I:I)+C20*LOOKUP(2,1/(Training!J:J<>""),Training!J:J)+LOOKUP(2,1/(Training!K:K<>""),Training!K:K) -> 0.3 | E20: =IF(D20>0,1,0) -> 1 | F20: =IF(E20=1,"Obst","Gemüse") -> Obst
D21: =B21*LOOKUP(2,1/(Training!I:I<>""),Training!I:I)+C21*LOOKUP(2,1/(Training!J:J<>""),Training!J:J)+LOOKUP(2,1/(Training!K:K<>""),Training!K:K) -> 0.3 | E21: =IF(D21>0,1,0) -> 1 | F21: =IF(E21=1,"Obst","Gemüse") -> Obst
D22: =B22*LOOKUP(2,1/(Training!I:I<>""),Training!I:I)+C22*LOOKUP(2,1/(Training!J:J<>""),Training!J:J)+LOOKUP(2,1/(Training!K:K<>""),Training!K:K) -> 0.3 | E22: =IF(D22>0,1,0) -> 1 | F22: =IF(E22=1,"Obst","Gemüse") -> Obst
D23: =B23*LOOKUP(2,1/(Training!I:I<>""),Training!I:I)+C23*LOOKUP(2,1/(Training!J:J<>""),Training!J:J)+LOOKUP(2,1/(Training!K:K<>""),Training!K:K) -> 0.3 | E23: =IF(D23>0,1,0) -> 1 | F23: =IF(E23=1,"Obst","Gemüse") -> Obst
... D29: =B29*LOOKUP(2,1/(Training!I:I<>""),Training!I:I)+C29*LOOKUP(2,1/(Training!J:J<>""),Training!J:J)+LOOKUP(2,1/(Training!K:K<>""),Training!K:K) -> 0.3 | E29: =IF(D29>0,1,0) -> 1 | F29: =IF(E29=1,"Obst","Gemüse") -> Obst
